date,pop_load_cov,flow,virus,cov_load
2020-12-05,20634384384856.57,191879,SARS-CoV-2,97187950452674.45
2020-12-06,21822081692918.492,296618,SARS-CoV-2,102782004773646.1
2020-12-07,23366027167220.35,328842,SARS-CoV-2,110053987957607.86
2020-12-08,19699630029569.445,175614,SARS-CoV-2,92785257439272.1
2020-12-09,14545941994118.934,231108,SARS-CoV-2,68511386792300.18
2020-12-10,16716794408286.82,168509,SARS-CoV-2,78736101663030.92
2020-12-11,65082802547.7707,153270,SARS-CoV-2,306540000000
2020-12-12,20713388658943.69,187293,SARS-CoV-2,97560060583624.78
2020-12-13,26586385979327.258,251032,SARS-CoV-2,125221877962631.39
2020-12-14,19800779156210.734,163860,SARS-CoV-2,93261669825752.56
2020-12-15,22154591727309.004,154482,SARS-CoV-2,104348127035625.4
2020-12-16,17735464595963.63,149718,SARS-CoV-2,83534038246988.69
2020-12-17,25592355161765.098,145005,SARS-CoV-2,120539992811913.61
2020-12-18,26317259015925.375,141472,SARS-CoV-2,123954289965008.52
2020-12-19,18117749250571.34,131432,SARS-CoV-2,85334598970191.02
2020-12-20,13335164974349.414,126051,SARS-CoV-2,62808627029185.74
2020-12-21,14301867490491.363,179575,SARS-CoV-2,67361795880214.32
2020-12-22,19894160052789.637,238507,SARS-CoV-2,93701493848639.19
2020-12-23,15824691625851.629,168599,SARS-CoV-2,74534297557761.17
2020-12-24,21423241795909.406,387974,SARS-CoV-2,100903468858733.3
2020-12-25,13557203028819.256,244301,SARS-CoV-2,63854426265738.695
2020-12-26,15695027717604.098,155489,SARS-CoV-2,73923580549915.3
2020-12-27,14187167153678.75,145647,SARS-CoV-2,66821557293826.914
2020-12-28,22200546028037.54,169302,SARS-CoV-2,104564571792056.81
2020-12-29,13900155775217.164,147204,SARS-CoV-2,65469733701272.84
2020-12-30,9785474845596.572,139397,SARS-CoV-2,46089586522759.85
2020-12-31,9243493196592.457,147948,SARS-CoV-2,43536852955950.47
2021-01-01,16936434697734.385,140777,SARS-CoV-2,79770607426328.95
2021-01-02,11031053168685.783,128433,SARS-CoV-2,51956260424510.04
2021-01-03,18385497876019.25,131733,SARS-CoV-2,86595694996050.67
2021-01-04,15121633284013.207,138740,SARS-CoV-2,71222892767702.2
2021-01-05,12396521462971.426,136513,SARS-CoV-2,58387616090595.414
2021-01-06,12722900638468.578,147668,SARS-CoV-2,59924862007187
2021-01-07,9559071352627.738,141866,SARS-CoV-2,45023226070876.65
2021-01-08,11698070480224.414,136558,SARS-CoV-2,55097911961856.99
2021-01-09,11324861634948.832,130374,SARS-CoV-2,53340098300609
2021-01-10,29579949828482.914,128660,SARS-CoV-2,139321563692154.53
2021-01-11,10966204963144.184,137151,SARS-CoV-2,51650825376409.1
2021-01-12,7445696029720.782,183819,SARS-CoV-2,35069228299984.883
2021-01-14,9313695799906.037,420477,SARS-CoV-2,43867507217557.44
2021-01-17,11385377781865.855,272591,SARS-CoV-2,53625129352588.18
2021-01-19,3346504078855.2734,256202,SARS-CoV-2,15762034211408.338
2021-01-21,3035911786481.9897,267256,SARS-CoV-2,14299144514330.172
2021-01-24,9351738754435.55,322831,SARS-CoV-2,44046689533391.445
2021-01-26,5481920596693.438,212836,SARS-CoV-2,25819846010426.094
2021-01-28,4128489362962.1504,362999,SARS-CoV-2,19445184899551.727
2021-01-31,4267115819684.133,389097,SARS-CoV-2,20098115510712.266
2021-02-01,1718263308105.8071,417571,SARS-CoV-2,8093020181178.352
2021-02-02,4493498697187.035,406184,SARS-CoV-2,21164378863750.934
2021-02-03,2964826669828.743,418430,SARS-CoV-2,13964333614893.38
2021-02-04,6615351226968.654,401654,SARS-CoV-2,31158304279022.363
2021-02-05,5041738690518.38,342107,SARS-CoV-2,23746589232341.57
2021-02-06,6777485213643.517,251773,SARS-CoV-2,31921955356260.965
2021-02-07,5476030259590.291,243377,SARS-CoV-2,25792102522670.27
2021-02-08,3106714780008.0073,226280,SARS-CoV-2,14632626613837.715
2021-02-09,3349899514195.0483,238613,SARS-CoV-2,15778026711858.678
2021-02-10,3061037622079.215,253389,SARS-CoV-2,14417487199993.102
2021-02-11,2619894114962.473,204640,SARS-CoV-2,12339701281473.248
2021-02-12,1746009760147.941,193217,SARS-CoV-2,8223705970296.802
2021-02-13,1883570169236.6855,182206,SARS-CoV-2,8871615497104.79
2021-02-14,3603607714305.8613,173474,SARS-CoV-2,16972992334380.607
2021-02-15,1985913068294.3215,182107,SARS-CoV-2,9353650551666.254
2021-02-16,3348336295350.393,234625,SARS-CoV-2,15770663951100.352
2021-02-17,2927137752514.9487,198254,SARS-CoV-2,13786818814345.408
2021-02-18,2780419008674.2866,174647,SARS-CoV-2,13095773530855.89
2021-02-19,2231018722792.5225,166860,SARS-CoV-2,10508098184352.781
2021-02-23,1672995105646.571,154081,SARS-CoV-2,7879806947595.35
2021-02-24,2991479600714.9824,153646,SARS-CoV-2,14089868919367.566
2021-02-25,2099930552977.816,149634,SARS-CoV-2,9890672904525.514
2021-02-26,2289057849568.654,148692,SARS-CoV-2,10781462471468.36
2021-02-27,2580400369406.546,143831,SARS-CoV-2,12153685739904.832
2021-02-28,2186065787585.2502,143777,SARS-CoV-2,10296369859526.53
2021-03-02,2075768540668.3574,149057,SARS-CoV-2,9776869826547.963
2021-03-03,3128129979069.1064,147609,SARS-CoV-2,14733492201415.492
2021-03-04,2719420742034.396,169169,SARS-CoV-2,12808471694982.006
2021-03-05,2575612515996.564,157173,SARS-CoV-2,12131134950343.816
2021-03-06,3372678439108.538,140991,SARS-CoV-2,15885315448201.215
2021-03-07,5431948299584.015,141672,SARS-CoV-2,25584476491040.707
2021-03-08,3525699768683.6396,145612,SARS-CoV-2,16606045910499.943
2021-03-09,3828559466719.516,144349,SARS-CoV-2,18032515088248.92
2021-03-10,3997844618597.299,145992,SARS-CoV-2,18829848153593.277
2021-03-11,4507609515945.68,178198,SARS-CoV-2,21230840820104.152
2021-03-12,4505388244804.845,187527,SARS-CoV-2,21220378633030.82
2021-03-13,3003511145062.842,183377,SARS-CoV-2,14146537493245.984
2021-03-14,2552651046050.5586,323460,SARS-CoV-2,12022986426898.13
2021-03-15,3119956849612.465,366344,SARS-CoV-2,14694996761674.709
2021-03-16,4567834648066.674,236325,SARS-CoV-2,21514501192394.035
2021-03-17,3533484274745.6987,317901,SARS-CoV-2,16642710934052.24
2021-03-18,3642281368874.3364,199555,SARS-CoV-2,17155145247398.125
2021-03-19,4630275058810.795,180298,SARS-CoV-2,21808595526998.844
2021-03-20,5003772639235.447,163133,SARS-CoV-2,23567769130798.957
2021-03-21,5813932353187.797,156800,SARS-CoV-2,27383621383514.523
2021-03-22,4199119298332.3135,163910,SARS-CoV-2,19777851895145.195
2021-03-23,5562310360879.107,158189,SARS-CoV-2,26198481799740.598
2021-03-24,6219685583004.305,153691,SARS-CoV-2,29294719095950.273
2021-03-25,9067006965053.344,151124,SARS-CoV-2,42705602805401.25
2021-03-26,7976509745928.996,151708,SARS-CoV-2,37569360903325.57
2021-03-27,11224210460171.162,282160,SARS-CoV-2,52866031267406.17
2021-03-28,6114897503282.293,167815,SARS-CoV-2,28801167240459.6
2021-03-29,7632799435582.143,155239,SARS-CoV-2,35950485341591.89
2021-03-30,6308141246906.909,150115,SARS-CoV-2,29711345272931.543
2021-03-31,7412909543898.338,146486,SARS-CoV-2,34914803951761.17
2021-04-01,9834670471635.406,142953,SARS-CoV-2,46321297921402.766
2021-04-02,8102074356824.316,133818,SARS-CoV-2,38160770220642.53
2021-04-03,6003421949645.35,130542,SARS-CoV-2,28276117382829.598
2021-04-04,6454875807288.286,125011,SARS-CoV-2,30402465052327.83
2021-04-05,10950006733761.896,133548,SARS-CoV-2,51574531716018.53
2021-04-06,10014297188242.846,149051,SARS-CoV-2,47167339756623.805
2021-04-07,28025564437798.793,157868,SARS-CoV-2,132000408502032.31
2021-04-08,8633942944421.563,143090,SARS-CoV-2,40665871268225.56
2021-04-09,12796481576720.799,140975,SARS-CoV-2,60271428226354.96
2021-04-10,10098412450999.332,134810,SARS-CoV-2,47563522644206.85
2021-04-11,13638842922770.92,149625,SARS-CoV-2,64238950166251.03
2021-04-12,16065213857179.844,320592,SARS-CoV-2,75667157267317.06
2021-04-13,9192464127133.049,152002,SARS-CoV-2,43296506038796.66
2021-04-14,10004875285307.96,144845,SARS-CoV-2,47122962593800.49
2021-04-15,7091872575903.451,144637,SARS-CoV-2,33402719832505.254
2021-04-16,10966790504327.66,143033,SARS-CoV-2,51653583275383.28
2021-04-17,6008780576388.568,135348,SARS-CoV-2,28301356514790.156
2021-04-18,7358996663450.428,131885,SARS-CoV-2,34660874284851.516
2021-04-19,4437328632283.865,138897,SARS-CoV-2,20899817858057.004
2021-04-20,5587887415465.474,138898,SARS-CoV-2,26318949726842.38
2021-04-21,7683983296705.3125,136641,SARS-CoV-2,36191561327482.02
2021-04-22,8069437364755.736,136099,SARS-CoV-2,38007049987999.516
2021-04-23,7676667673585.133,136765,SARS-CoV-2,36157104742585.98
2021-04-24,6991516316177.385,129685,SARS-CoV-2,32930041849195.48
2021-04-25,50151565373662.484,125247,SARS-CoV-2,236213872909950.3
2021-04-26,6086587299287.672,133614,SARS-CoV-2,28667826179644.934
2021-04-27,6528154113112.564,133543,SARS-CoV-2,30747605872760.18
2021-04-28,4459089843850.965,135820,SARS-CoV-2,21002313164538.043
2021-04-29,3817908995125.7124,235992,SARS-CoV-2,17982351367042.105
2021-04-30,6162612115264.761,209286,SARS-CoV-2,29025903062897.023
2021-05-01,7501980881455.477,331195,SARS-CoV-2,35334329951655.3
2021-05-02,5770689443280.995,439781,SARS-CoV-2,27179947277853.49
2021-05-03,5483800871726.1,221307,SARS-CoV-2,25828702105829.93
2021-05-04,4909616747028.522,161472,SARS-CoV-2,23124294878504.34
2021-05-05,4478779504424.9795,188678,SARS-CoV-2,21095051465841.652
2021-05-06,3773116895769.8867,254182,SARS-CoV-2,17771380579076.168
2021-05-07,5457229166140.878,324792,SARS-CoV-2,25703549372523.535
2021-05-08,5857819136624.169,163271,SARS-CoV-2,27590328133499.836
2021-05-09,2693865946498.9023,152495,SARS-CoV-2,12688108608009.83
2021-05-10,1911170541722.6858,155928,SARS-CoV-2,9001613251513.85
2021-05-11,3702742198245.7812,214488,SARS-CoV-2,17439915753737.629
2021-05-12,2581845711958.675,308662,SARS-CoV-2,12160493303325.357
2021-05-13,4103050015289.67,188440,SARS-CoV-2,19325365572014.344
2021-05-14,2702099193217.8657,156909,SARS-CoV-2,12726887200056.146
2021-05-15,2414936158043.756,216000,SARS-CoV-2,11374349304386.09
2021-05-17,3211715399503.02,349990,SARS-CoV-2,15127179531659.225
2021-05-18,2918643779721.211,220340,SARS-CoV-2,13746812202486.904
2021-05-19,2878796782239.3076,240675,SARS-CoV-2,13559132844347.139
2021-05-20,3045671809011.9785,249952,SARS-CoV-2,14345114220446.418
2021-05-21,1954500587115.5303,312839,SARS-CoV-2,9205697765314.148
2021-05-22,2052804296655.4663,391447,SARS-CoV-2,9668708237247.246
2021-05-23,2639424052529.842,387509,SARS-CoV-2,12431687287415.555
2021-05-24,1397563089046.7783,264846,SARS-CoV-2,6582522149410.326
2021-05-25,1224305851490.9612,227572,SARS-CoV-2,5766480560522.427
2021-05-26,2270499364891.288,190003,SARS-CoV-2,10694052008637.967
2021-05-27,2002528610328.2742,280501,SARS-CoV-2,9431909754646.172
2021-05-28,2162265638170.5806,182585,SARS-CoV-2,10184271155783.434
2021-05-29,2196142074127.5117,166653,SARS-CoV-2,10343829169140.58
2021-05-30,1454557252537.285,160421,SARS-CoV-2,6850964659450.612
2021-05-31,726100787298.1963,165090,SARS-CoV-2,3419934708174.5044
2021-06-01,912084436054.75,162478,SARS-CoV-2,4295917693817.8726
2021-06-02,473451759252.43054,160436,SARS-CoV-2,2229957786078.9478
2021-06-03,456573747818.2805,159607,SARS-CoV-2,2150462352224.1013
2021-06-04,355784683887.4903,161313,SARS-CoV-2,1675745861110.0793
2021-06-05,300447773391.1754,236263,SARS-CoV-2,1415109012672.4363
2021-06-06,1273657006414.7312,171555,SARS-CoV-2,5998924500213.384
2021-06-07,863182382727.1841,320680,SARS-CoV-2,4065589022645.037
2021-06-08,1310585446728.9453,372068,SARS-CoV-2,6172857454093.332
2021-06-09,609660047037.1299,297467,SARS-CoV-2,2871498821544.882
2021-06-10,670674937029.4988,210976,SARS-CoV-2,3158878953408.9395
2021-06-11,1139034917041.8132,185774,SARS-CoV-2,5364854459266.94
2021-06-12,1564679088454.3992,168917,SARS-CoV-2,7369638506620.22
2021-06-13,1167800677277.0007,160128,SARS-CoV-2,5500341189974.674
2021-06-14,897733843256.4271,169683,SARS-CoV-2,4228326401737.7715
2021-06-15,762747972753.7112,165380,SARS-CoV-2,3592542951669.9795
2021-06-16,244588282505.1059,163727,SARS-CoV-2,1152010810599.0488
2021-06-17,434414410696.8159,159392,SARS-CoV-2,2046091874382.003
2021-06-18,437532123087.18994,164150,SARS-CoV-2,2060776299740.6646
2021-06-19,371096257219.60156,250602,SARS-CoV-2,1747863371504.3232
2021-06-20,282061868943.106,226354,SARS-CoV-2,1328511402722.0293
2021-06-21,76975146746.59674,246536,SARS-CoV-2,362552941176.47064
2021-06-22,737530688306.2026,196237,SARS-CoV-2,3473769541922.2144
2021-06-23,503901355336.5526,216853,SARS-CoV-2,2373375383635.1626
2021-06-24,108775758711.12778,348387,SARS-CoV-2,512333823529.4118
2021-06-25,441493815020.2694,263342,SARS-CoV-2,2079435868745.469
2021-06-26,373454786404.1814,188223,SARS-CoV-2,1758972043963.6943
2021-06-27,50158923441.988266,160649,SARS-CoV-2,236248529411.76474
2021-06-28,448159922368.8401,230865,SARS-CoV-2,2110833234357.2368
2021-06-29,684851635048.5914,456155,SARS-CoV-2,3225651201078.8657
2021-06-30,736029215923.496,446075,SARS-CoV-2,3466697606999.666
2021-07-01,933931358744.7767,333925,SARS-CoV-2,4398816699687.898
2021-07-02,577296551154.1827,234237,SARS-CoV-2,2719066755936.2007
2021-07-03,819647230412.9316,208794,SARS-CoV-2,3860538455244.908
2021-07-04,724561439896.704,235171,SARS-CoV-2,3412684381913.4756
2021-07-05,886859941795.1587,222993,SARS-CoV-2,4177110325855.1973
2021-07-06,1251716694804.9106,254277,SARS-CoV-2,5895585632531.129
2021-07-07,105186399400.52454,336891,SARS-CoV-2,495427941176.4706
2021-07-08,1664925613625.2656,408567,SARS-CoV-2,7841799640175.001
2021-07-09,5832509534808.14,448647,SARS-CoV-2,27471119908946.336
2021-07-10,2919138462627.541,347789,SARS-CoV-2,13749142158975.719
2021-07-11,2499002479359.207,286090,SARS-CoV-2,11770301677781.865
2021-07-12,3191385244850.188,248422,SARS-CoV-2,15031424503244.385
2021-07-13,145969151992.00702,467510,SARS-CoV-2,687514705882.353
2021-07-14,1353133711383.7168,493753,SARS-CoV-2,6373259780617.306
2021-07-15,764438420727.3887,478293,SARS-CoV-2,3600504961626.0005
2021-07-16,976063957105.5415,440530,SARS-CoV-2,4597261237967.101
2021-07-17,2643054926379.558,454954,SARS-CoV-2,12448788703247.719
2021-07-18,3059331574360.201,462951,SARS-CoV-2,14409451715236.547
2021-07-19,4379702167753.6836,483580,SARS-CoV-2,20628397210119.848
2021-07-20,6375061842455.83,440524,SARS-CoV-2,30026541277966.96
2021-07-21,6530954897332.599,433062,SARS-CoV-2,30760797566436.54
2021-07-22,6259952936207.633,307583,SARS-CoV-2,29484378329537.95
2021-07-23,6354895675406.197,255256,SARS-CoV-2,29931558631163.188
2021-07-24,7345991741307.75,298510,SARS-CoV-2,34599621101559.504
2021-07-25,3183960426998.3027,424857,SARS-CoV-2,14996453611162.006
2021-07-26,4417756935238.406,332711,SARS-CoV-2,20807635164972.895
2021-07-27,5101442061311.994,273370,SARS-CoV-2,24027792108779.492
2021-07-28,5527517599352.613,312722,SARS-CoV-2,26034607892950.81
2021-07-29,2684932108569.3843,231141,SARS-CoV-2,12646030231361.8
2021-07-30,7424634702133.208,259149,SARS-CoV-2,34970029447047.41
2021-07-31,2150297098467.066,284891,SARS-CoV-2,10127899333779.88
2021-08-01,2309201146641.601,478095,SARS-CoV-2,10876337400681.941
2021-08-02,2113597271276.953,354438,SARS-CoV-2,9955043147714.447
2021-08-03,3467092355015.706,324060,SARS-CoV-2,16330004992123.975
2021-08-04,3449353865207.9717,376389,SARS-CoV-2,16246456705129.547
2021-08-05,1976063483474.2773,325663,SARS-CoV-2,9307259007163.846
2021-08-06,3407940767760.8105,284068,SARS-CoV-2,16051401016153.418
2021-08-07,2662262595731.723,310028,SARS-CoV-2,12539256825896.416
2021-08-08,3530204543653.831,317110,SARS-CoV-2,16627263400609.545
2021-08-09,4783862339936.4,268791,SARS-CoV-2,22531991621100.445
2021-08-10,7724906477805.791,217690,SARS-CoV-2,36384309510465.27
2021-08-11,5479490546693.747,205276,SARS-CoV-2,25808400474927.547
2021-08-12,4830763504459.863,196262,SARS-CoV-2,22752896106005.957
2021-08-13,7520688475879.506,188355,SARS-CoV-2,35422442721392.47
2021-08-14,7544759408720.453,176577,SARS-CoV-2,35535816815073.336
2021-08-15,5896440395630.948,179896,SARS-CoV-2,27772234263421.766
2021-08-16,9862978444611.715,197376,SARS-CoV-2,46454628474121.18
2021-08-17,7405767082961.528,198018,SARS-CoV-2,34881162960748.797
2021-08-18,10506017889551.527,178620,SARS-CoV-2,49483344259787.695
2021-08-19,6270620919577.561,171644,SARS-CoV-2,29534624531210.31
2021-08-20,11008239325089.963,166058,SARS-CoV-2,51848807221173.73
2021-08-21,8596089621074.17,153395,SARS-CoV-2,40487582115259.34
2021-08-22,11538766348469.77,372850,SARS-CoV-2,54347589501292.62
2021-08-23,9963933500857.791,226245,SARS-CoV-2,46930126789040.195
2021-08-24,8980938101708.607,186708,SARS-CoV-2,42300218459047.54
2021-08-25,8815989010877.69,166962,SARS-CoV-2,41523308241233.914
2021-08-26,7709847555081.349,163983,SARS-CoV-2,36313381984433.15
2021-08-27,8494741068817.035,163778,SARS-CoV-2,40010230434128.234
2021-08-28,8417239500387.657,176741,SARS-CoV-2,39645198046825.87
2021-08-29,7698603597586.464,170373,SARS-CoV-2,36260422944632.24
2021-08-30,6146174702482.365,224579,SARS-CoV-2,28948482848691.94
2021-08-31,7227258391669.443,169328,SARS-CoV-2,34040387024763.08
2021-09-01,18587558251901.957,167614,SARS-CoV-2,87547399366458.22
2021-09-02,7377916448700.354,160279,SARS-CoV-2,34749986473378.664
2021-09-03,6020563125957.481,158195,SARS-CoV-2,28356852323259.74
2021-09-04,11081071691457.992,149636,SARS-CoV-2,52191847666767.14
2021-09-05,6696379832587.286,143375,SARS-CoV-2,31539949011486.117
2021-09-06,7790858099004.39,152105,SARS-CoV-2,36694941646310.67
2021-09-07,5951962113945.499,150756,SARS-CoV-2,28033741556683.3
2021-09-08,8369158665706.167,150870,SARS-CoV-2,39418737315476.05
2021-09-09,7238189615757.697,148512,SARS-CoV-2,34091873090218.754
2021-09-10,6200121945226.836,154458,SARS-CoV-2,29202574362018.4
2021-09-11,4299719772774.2344,141492,SARS-CoV-2,20251680129766.645
2021-09-12,4811772040909.113,134397,SARS-CoV-2,22663446312681.92
2021-09-13,4624666406535.934,144008,SARS-CoV-2,21782178774784.246
2021-09-14,3606572963189.1465,145366,SARS-CoV-2,16986958656620.879
2021-09-15,4109789616628.3184,152010,SARS-CoV-2,19357109094319.38
2021-09-16,2948003612444.7026,237550,SARS-CoV-2,13885097014614.549
2021-09-17,3892773209161.267,154439,SARS-CoV-2,18334961815149.566
2021-09-18,3318145322410.909,136428,SARS-CoV-2,15628464468555.383
2021-09-19,4508920880824.046,228183,SARS-CoV-2,21237017348681.258
2021-09-22,2268154664331.8037,142406,SARS-CoV-2,10683008469002.795
2021-09-23,2994291844668.3623,139638,SARS-CoV-2,14103114588387.986
2021-09-24,2203667096983.455,139212,SARS-CoV-2,10379272026792.074
2021-09-25,1531576314552.7886,129616,SARS-CoV-2,7213724441543.634
2021-09-26,1557535125417.7983,139246,SARS-CoV-2,7335990440717.83
2021-09-27,1850948790629.2407,139098,SARS-CoV-2,8717968803863.724
2021-09-28,1467562014098.1345,136177,SARS-CoV-2,6912217086402.214
2021-09-29,2741224543561.002,143916,SARS-CoV-2,12911167600172.318
2021-09-30,2843771436059.7695,143564,SARS-CoV-2,13394163463841.514
2021-10-01,1963621798577.587,136856,SARS-CoV-2,9248658671300.434
2021-10-02,2535757182337.9106,128504,SARS-CoV-2,11943416328811.559
2021-10-03,1415171965471.268,125824,SARS-CoV-2,6665459957369.673
2021-10-04,1722591902038.5562,144332,SARS-CoV-2,8113407858601.6
2021-10-05,2403726004210.5527,185379,SARS-CoV-2,11321549479831.703
2021-10-06,2206134396571.677,171470,SARS-CoV-2,10390893007852.598
2021-10-07,1544612703724.8193,152360,SARS-CoV-2,7275125834543.899
2021-10-08,1773026560462.4336,134189,SARS-CoV-2,8350955099778.0625
2021-10-09,1510024807162.5427,125406,SARS-CoV-2,7112216841735.576
2021-10-12,1443725581863.7683,128276,SARS-CoV-2,6799947490578.349
2021-10-13,3800724813435.943,161916,SARS-CoV-2,17901413871283.29
2021-10-14,2434999558124.165,126611,SARS-CoV-2,11468847918764.816
2021-10-15,1928619970187.662,125358,SARS-CoV-2,9083800059583.889
2021-10-16,2172414181208.2427,117523,SARS-CoV-2,10232070793490.822
2021-10-17,2039226035874.16,115777,SARS-CoV-2,9604754628967.293
2021-10-18,2331539707504.117,127739,SARS-CoV-2,10981552022344.393
2021-10-19,2197197028390.1858,128380,SARS-CoV-2,10348798003717.775
2021-10-20,1833159667539.2217,130316,SARS-CoV-2,8634182034109.734
2021-10-21,1588223121200.8484,160823,SARS-CoV-2,7480530900855.996
2021-10-22,1998062551516.414,133606,SARS-CoV-2,9410874617642.31
2021-10-23,1805443094957.549,124872,SARS-CoV-2,8503636977250.056
2021-10-24,4188395382256.765,125267,SARS-CoV-2,19727342250429.363
2021-10-25,2682330684758.479,133285,SARS-CoV-2,12633777525212.436
2021-10-26,2569090899254.782,132371,SARS-CoV-2,12100418135490.023
2021-10-27,3460868577855.7246,131963,SARS-CoV-2,16300691001700.463
2021-10-28,3944560430325.151,131560,SARS-CoV-2,18578879626831.46
2021-10-29,5109442638875.724,130448,SARS-CoV-2,24065474829104.656
2021-10-31,2293221560494.02,126471,SARS-CoV-2,10801073549926.834
2021-11-01,2868784917056.4746,181452,SARS-CoV-2,13511976959335.996
2021-11-02,3086508949610.5684,187152,SARS-CoV-2,14537457152665.777
2021-11-03,5060265870217.726,160473,SARS-CoV-2,23833852248725.49
2021-11-04,6942639257818.734,152011,SARS-CoV-2,32699830904326.24
2021-11-05,4794400286790.968,133798,SARS-CoV-2,22581625350785.457
2021-11-06,4742272397678.34,125200,SARS-CoV-2,22336102993064.98
2021-11-07,4938165400579.583,124042,SARS-CoV-2,23258759036729.836
2021-11-08,4615291516756.196,158683,SARS-CoV-2,21738023043921.684
2021-11-09,3345013231732.7227,130002,SARS-CoV-2,15755012321461.123
2021-11-10,4357451523771.099,130289,SARS-CoV-2,20523596676961.875
2021-11-11,4737379555263.947,129437,SARS-CoV-2,22313057705293.19
2021-11-12,14950106166932.664,128759,SARS-CoV-2,70415000046252.84
2021-11-13,7038425840675.81,130439,SARS-CoV-2,33150985709583.062
2021-11-14,8846038357564.234,146173,SARS-CoV-2,41664840664127.55
2021-11-15,5657501482652.584,131090,SARS-CoV-2,26646831983293.67
2021-11-16,6786118821915.482,128546,SARS-CoV-2,31962619651221.92
2021-11-17,7050673053212.161,130163,SARS-CoV-2,33208670080629.277
2021-11-18,8743878708299.011,131427,SARS-CoV-2,41183668716088.34
2021-11-19,12392855975777.73,131054,SARS-CoV-2,58370351645913.11
2021-11-20,7398800739917.459,125039,SARS-CoV-2,34848351485011.23
2021-11-21,11741697156821.246,124443,SARS-CoV-2,55303393608628.07
2021-11-22,12587343455598.793,139637,SARS-CoV-2,59286387675870.31
2021-11-23,12117950781591.486,136283,SARS-CoV-2,57075548181295.9
2021-11-24,6654210280552.996,135584,SARS-CoV-2,31341330421404.613
2021-11-25,16334593442955.32,134734,SARS-CoV-2,76935935116319.56
2021-11-26,14767740507203.842,151437,SARS-CoV-2,69556057788930.09
2021-11-27,16553432170942.92,137323,SARS-CoV-2,77966665525141.16
2021-11-28,13884831320818.02,151407,SARS-CoV-2,65397555521052.875
2021-11-29,11176273458368.162,193146,SARS-CoV-2,52640247988914.05
2021-11-30,11627492222468.035,174719,SARS-CoV-2,54765488367824.445
2021-12-01,14794130139130.035,188852,SARS-CoV-2,69680352955302.47
2021-12-02,16110293572352.246,227058,SARS-CoV-2,75879482725779.08
2021-12-03,12334409103828.455,149503,SARS-CoV-2,58095066879032.02
2021-12-04,11526280748724.867,428309,SARS-CoV-2,54288782326494.125
2021-12-05,17370639343958.271,269587,SARS-CoV-2,81815711310043.45
2021-12-06,12820264168281.2,178658,SARS-CoV-2,60383444232604.445
2021-12-07,12267591511572.068,175610,SARS-CoV-2,57780356019504.445
2021-12-08,12675613202750,406777,SARS-CoV-2,59702138184952.5
2021-12-09,14397813439250.688,355542,SARS-CoV-2,67813701298870.734
2021-12-10,18247749934380.14,297836,SARS-CoV-2,85946902190930.47
2021-12-11,13315968204742.73,287674,SARS-CoV-2,62718210244338.26
2021-12-12,14072413309632.162,183438,SARS-CoV-2,66281066688367.484
2021-12-13,14017360309698.838,177421,SARS-CoV-2,66021767058681.52
2021-12-14,17623091953784.46,167371,SARS-CoV-2,83004763102324.81
2021-12-15,10249284735046.2,164867,SARS-CoV-2,48274131102067.6
2021-12-16,15354808564320.355,160084,SARS-CoV-2,72321148337948.875
2021-12-17,14551048773835.443,156148,SARS-CoV-2,68535439724764.94
2021-12-18,13693657605600.11,145974,SARS-CoV-2,64497127322376.516
2021-12-19,14637665829768.098,138931,SARS-CoV-2,68943406058207.74
2021-12-20,12607455813955.52,141464,SARS-CoV-2,59381116883730.5
2021-12-21,14049303364429.312,134795,SARS-CoV-2,66172218846462.06
2021-12-22,23816772202228.668,133591,SARS-CoV-2,112176997072497.03
2021-12-23,20246920630407.492,132034,SARS-CoV-2,95362996169219.28
2021-12-24,18039561937463.812,139663,SARS-CoV-2,84966336725454.56
2021-12-25,13071027642118.076,204425,SARS-CoV-2,61564540194376.14
2021-12-26,20727277902908.61,393428,SARS-CoV-2,97625478922699.55
2021-12-27,17333453600393.084,282049,SARS-CoV-2,81640566457851.42
2021-12-28,13516837234013.47,341163,SARS-CoV-2,63664303372203.445
2022-01-03,15382750128974.238,158972,SARS-CoV-2,72452753107468.66
2022-01-04,25540470210203.56,160849,SARS-CoV-2,120295614690058.77
2022-01-05,45348158186386.44,372301,SARS-CoV-2,213589825057880.12
2022-01-06,15831075698219.473,225454,SARS-CoV-2,74564366538613.72
2022-01-07,25793046094504.062,187430,SARS-CoV-2,121485247105114.14
2022-01-08,21488671891629.367,189765,SARS-CoV-2,101211644609574.31
2022-01-09,28930334843408.805,304468,SARS-CoV-2,136261877112455.47
2022-01-10,26314252135774.316,319690,SARS-CoV-2,123940127559497.03
2022-01-11,19946508312182.492,216338,SARS-CoV-2,93948054150379.53
2022-01-12,26094889546586.64,187732,SARS-CoV-2,122906929764423.08
2022-01-13,29128173758550.812,173419,SARS-CoV-2,137193698402774.33
2022-01-14,22694601399668.055,166116,SARS-CoV-2,106891572592436.53
2022-01-15,21728428315604.59,154346,SARS-CoV-2,102340897366497.62
2022-01-16,24078555826351.492,149582,SARS-CoV-2,113409997942115.53
2022-01-17,18906033109807.957,161385,SARS-CoV-2,89047415947195.48
2022-01-18,24840722874529.01,154702,SARS-CoV-2,116999804739031.64
2022-01-19,18719595111294.016,153658,SARS-CoV-2,88169292974194.81
2022-01-20,20871460128428.812,152649,SARS-CoV-2,98304577204899.7
2022-01-21,19931522670785.816,148071,SARS-CoV-2,93877471779401.19
2022-01-22,20020077832183.73,140243,SARS-CoV-2,94294566589585.375
2022-01-23,17425479391122.174,136787,SARS-CoV-2,82074007932185.44
2022-01-24,22647466407715.535,143776,SARS-CoV-2,106669566780340.17
2022-01-25,27269873296260.93,142054,SARS-CoV-2,128441103225388.98
2022-01-26,19822798938603.902,142252,SARS-CoV-2,93365383000824.375
2022-01-27,23293641431666.7,142451,SARS-CoV-2,109713051143150.16
2022-01-28,22229571227994.25,162396,SARS-CoV-2,104701280483852.92
2022-01-29,22634971631847.875,135606,SARS-CoV-2,106610716386003.48
2022-01-30,22268864340266.69,133841,SARS-CoV-2,104886351042656.11
2022-01-31,29265517757207.875,219781,SARS-CoV-2,137840588636449.1
2022-02-01,26836216916682.617,196754,SARS-CoV-2,126398581677575.12
2022-02-02,15725182138196.629,233526,SARS-CoV-2,74065607870906.125
2022-02-03,19991025435552.465,167752,SARS-CoV-2,94157729801452.11
2022-02-04,15696734921082.637,151090,SARS-CoV-2,73931621478299.22
2022-02-05,17537955123440.822,147239,SARS-CoV-2,82603768631406.27
2022-02-06,16512045312487.486,142026,SARS-CoV-2,77771733421816.06
2022-02-07,22781340631234.355,300447,SARS-CoV-2,107300114373113.81
2022-02-08,21743045451040.13,199033,SARS-CoV-2,102409744074399
2022-02-09,16844528853404.535,158643,SARS-CoV-2,79337730899535.36
2022-02-10,17335429736714.018,150993,SARS-CoV-2,81649874059923.02
2022-02-11,9773576166177.2,318152,SARS-CoV-2,46033543742694.61
2022-02-12,18215025099012.586,216387,SARS-CoV-2,85792768216349.28
2022-02-13,15345054754164.46,151228,SARS-CoV-2,72275207892114.61
2022-02-15,26475795351120.96,229932,SARS-CoV-2,124700996103779.72
2022-02-16,26104273949011.312,211003,SARS-CoV-2,122951130299843.28
2022-02-17,24005579454860.83,203999,SARS-CoV-2,113066279232394.5
2022-02-18,20339892160957.816,170459,SARS-CoV-2,95800892078111.31
2022-02-19,24538520358993.195,219246,SARS-CoV-2,115576430890857.95
2022-02-20,21070429480951.14,153043,SARS-CoV-2,99241722855279.875
2022-02-21,22727949466438.63,258115,SARS-CoV-2,107048641986925.94
2022-02-22,20517526308908.17,248636,SARS-CoV-2,96637548914957.48
2022-02-23,23206493844459.273,173299,SARS-CoV-2,109302586007403.17
2022-02-24,27644656465706.098,165998,SARS-CoV-2,130206331953475.72
2022-02-25,25375061904654.992,173497,SARS-CoV-2,119516541570925.02
2022-02-26,25174630012341.92,161105,SARS-CoV-2,118572507358130.45
2022-02-27,26974749066766.797,151849,SARS-CoV-2,127051068104471.61
2022-02-28,24345559009220.21,156443,SARS-CoV-2,114667582933427.19
2022-03-01,24546935769092.355,153026,SARS-CoV-2,115616067472425
2022-03-02,39313876380061.73,151841,SARS-CoV-2,185168357750090.72
2022-03-03,43784641332418.22,149803,SARS-CoV-2,206225660675689.8
2022-03-04,45805845799225.586,147550,SARS-CoV-2,215745533714352.5
2022-03-05,41937160139908.51,139780,SARS-CoV-2,197524024258969.06
2022-03-06,46273310250594.13,138694,SARS-CoV-2,217947291280298.38
2022-03-07,43647410248242.805,144725,SARS-CoV-2,205579302269223.6
2022-03-08,46174490643826.39,142455,SARS-CoV-2,217481850932422.3
2022-03-09,62215892431217.6,142498,SARS-CoV-2,293036853351034.9
2022-03-10,63654192799738.695,140876,SARS-CoV-2,299811248086769.25
2022-03-11,57910259069428.016,139902,SARS-CoV-2,272757320217005.94
2022-03-12,62541544379338.695,132130,SARS-CoV-2,294570674026685.25
2022-03-13,63465298036542.91,131321,SARS-CoV-2,298921553752117.06
2022-03-14,72268837328873.42,142211,SARS-CoV-2,340386223818993.8
2022-03-15,97284637807526.05,148379,SARS-CoV-2,458210644073447.7
2022-03-16,93995076869710.5,138554,SARS-CoV-2,442716812056336.44
2022-03-17,50544831213295.42,137492,SARS-CoV-2,238066155014621.44
2022-03-18,88491359625872.5,151234,SARS-CoV-2,416794303837859.5
2022-03-19,73946373080848.3,130758,SARS-CoV-2,348287417210795.5
2022-03-20,42572706262341.01,128658,SARS-CoV-2,200517446495626.16
2022-03-21,55108795323552.09,136511,SARS-CoV-2,259562425973930.38
2022-03-22,65035781091093.67,134359,SARS-CoV-2,306318528939051.2
2022-03-23,60410154867747.03,136372,SARS-CoV-2,284531829427088.5
2022-03-24,55995826408315.86,134561,SARS-CoV-2,263740342383167.7
2022-03-25,65396530983027.49,138434,SARS-CoV-2,308017660930059.5
2022-03-26,40067332396242.12,134734,SARS-CoV-2,188717135586300.38
2022-03-27,38989136415750.625,127218,SARS-CoV-2,183638832518185.44
2022-03-28,46676772931203.2,141825,SARS-CoV-2,219847600505967.1
2022-03-29,49679099574962.25,142931,SARS-CoV-2,233988558998072.2
2022-03-30,16772309346764.146,245056,SARS-CoV-2,78997577023259.125
2022-03-31,36376025022727.7,259846,SARS-CoV-2,171331077857047.47
2022-04-01,30092878492499.645,396206,SARS-CoV-2,141737457699673.3
2022-04-02,39667849630750.67,299717,SARS-CoV-2,186835571760835.66
2022-04-03,18556284597185.21,206690,SARS-CoV-2,87400100452742.34
2022-04-04,32822511280767.887,186294,SARS-CoV-2,154594028132416.75
2022-04-05,36005449233220.836,164009,SARS-CoV-2,169585665888470.12
2022-04-06,28430321618562.86,159783,SARS-CoV-2,133906814823431.06
2022-04-07,31875388360244.49,168722,SARS-CoV-2,150133079176751.53
2022-04-08,31077804791232.98,393305,SARS-CoV-2,146376460566707.34
2022-04-09,12992401245489.594,273671,SARS-CoV-2,61194209866255.984
2022-04-10,31138087164170.246,217537,SARS-CoV-2,146660390543241.84
2022-04-11,29322165893399.85,174711,SARS-CoV-2,138107401357913.3
2022-04-12,33915075308939.94,168400,SARS-CoV-2,159740004705107.12
2022-04-13,20017567409416.08,160855,SARS-CoV-2,94282742498349.73
2022-04-14,18214341991491.24,154826,SARS-CoV-2,85789550779923.73
2022-04-15,18646786547407.29,141919,SARS-CoV-2,87826364638288.33
2022-04-16,14138557433026.9,135902,SARS-CoV-2,66592605509556.7
2022-04-17,13768659423907.604,130381,SARS-CoV-2,64850385886604.81
2022-04-18,12974475279571.951,135426,SARS-CoV-2,61109778566783.89
2022-04-19,18454034389768.47,148991,SARS-CoV-2,86918501975809.48
2022-04-20,18171916863240.38,145837,SARS-CoV-2,85589728425862.19
2022-04-21,18305743689065.89,144974,SARS-CoV-2,86220052775500.34
2022-04-22,13059499638753.168,143690,SARS-CoV-2,61510243298527.42
2022-04-23,15631126394943.213,135765,SARS-CoV-2,73622605320182.53
2022-04-24,12097407492748.39,257938,SARS-CoV-2,56978789290844.92
2022-04-25,16912921741154.996,325289,SARS-CoV-2,79659861400840.03
2022-04-26,12802780247726.592,330659,SARS-CoV-2,60301094966792.25
2022-04-27,16590513498950.684,206046,SARS-CoV-2,78141318580057.72
2022-04-28,14786277910389.896,158373,SARS-CoV-2,69643368957936.414
2022-04-29,12728232057884.863,152156,SARS-CoV-2,59949972992637.7
2022-04-30,12987394975301.064,208685,SARS-CoV-2,61170630333668.016
2022-05-01,11657088510342.738,184291,SARS-CoV-2,54904886883714.3
2022-05-02,10930782816990.688,155534,SARS-CoV-2,51483987068026.14
2022-05-03,20050174786194.32,196026,SARS-CoV-2,94436323242975.25
2022-05-04,11631290066528.582,212313,SARS-CoV-2,54783376213349.62
2022-05-05,13192735425825.494,246627,SARS-CoV-2,62137783855638.08
2022-05-06,9008146374838.514,430604,SARS-CoV-2,42428369425489.4
2022-05-07,11311552621020.518,293515,SARS-CoV-2,53277412845006.64
2022-05-08,9838352566617.986,194638,SARS-CoV-2,46338640588770.72
2022-05-09,9101958081687.896,185294,SARS-CoV-2,42870222564749.99
2022-05-10,5839598070604.983,180872,SARS-CoV-2,27504506912549.473
2022-05-11,9353619441218.229,176803,SARS-CoV-2,44055547568137.86
2022-05-12,6863248147469.014,167048,SARS-CoV-2,32325898774579.055
2022-05-13,8307377802167.95,166992,SARS-CoV-2,39127749448211.05
2022-05-14,8475739841862.953,152246,SARS-CoV-2,39920734655174.51
2022-05-15,6204084407626.081,149381,SARS-CoV-2,29221237559918.84
2022-05-16,7427272132485.321,172741,SARS-CoV-2,34982451744005.863
2022-05-17,10045339651174.184,160348,SARS-CoV-2,47313549757030.41
2022-05-18,8219754965747.509,158994,SARS-CoV-2,38715045888670.766
2022-05-19,7392543527448.714,165427,SARS-CoV-2,34818880014283.44
2022-05-20,5149849218713.887,158867,SARS-CoV-2,24255789820142.406
2022-05-21,6563842871526.425,163223,SARS-CoV-2,30915699924889.46
2022-05-22,7083217835228.293,152029,SARS-CoV-2,33361956003925.258
2022-05-23,5455220679164.905,215169,SARS-CoV-2,25694089398866.703
2022-05-24,6091999388177.644,231757,SARS-CoV-2,28693317118316.7
2022-05-25,6481194073172.548,165657,SARS-CoV-2,30526424084642.7
2022-05-26,6701265986271.837,143863,SARS-CoV-2,31562962795340.35
2022-05-27,8821313688657.533,149444,SARS-CoV-2,41548387473576.984
2022-05-28,7225530509274.935,142955,SARS-CoV-2,34032248698684.94
2022-05-29,4932016382302.877,143776,SARS-CoV-2,23229797160646.55
2022-05-30,19360692392502.496,151964,SARS-CoV-2,91188861168686.75
2022-05-31,13811852602065.645,155316,SARS-CoV-2,65053825755729.19
2022-06-01,10246534348988.23,155036,SARS-CoV-2,48261176783734.56
2022-06-02,11570459380034.28,146679,SARS-CoV-2,54496863679961.45
2022-06-03,10257612917407.434,150005,SARS-CoV-2,48313356840989.016
2022-06-04,17400185570649.885,164558,SARS-CoV-2,81954874037760.95
2022-06-05,11155442450728.04,268175,SARS-CoV-2,52542133942929.06
2022-06-06,13739712686775.79,230342,SARS-CoV-2,64714046754713.97
2022-06-07,14815668945464.951,317362,SARS-CoV-2,69781800733139.92
2022-06-08,18128464599709.973,209192,SARS-CoV-2,85385068264633.97
2022-06-09,16808871397806.748,233203,SARS-CoV-2,79169784283669.78
2022-06-10,18162875413614.49,165509,SARS-CoV-2,85547143198124.23
2022-06-11,17801794624410.766,148873,SARS-CoV-2,83846452680974.7
2022-06-12,15594424356660.834,153085,SARS-CoV-2,73449738719872.53
2022-06-13,22797557994456.188,210095,SARS-CoV-2,107376498153888.64
2022-06-14,22821152560604.75,152327,SARS-CoV-2,107487628560448.38
2022-06-15,37048206387920.86,152305,SARS-CoV-2,174497052087107.25
2022-06-16,30087348369720.09,247597,SARS-CoV-2,141711410821381.62
2022-06-17,28169152380330.61,155191,SARS-CoV-2,132676707711357.17
2022-06-18,29862285326421.535,139272,SARS-CoV-2,140651363887445.42
2022-06-19,29164608868102.77,137275,SARS-CoV-2,137365307768764.05
2022-06-20,25317854367744.867,148727,SARS-CoV-2,119247094072078.33
2022-06-21,29492499936712.29,146958,SARS-CoV-2,138909674701914.88
2022-06-22,27954170387388.46,217178,SARS-CoV-2,131664142524599.66
2022-06-23,25464962922602.92,161040,SARS-CoV-2,119939975365459.77
2022-06-24,25721707385692.895,273792,SARS-CoV-2,121149241786613.53
2022-06-25,27488405153593.965,221299,SARS-CoV-2,129470388273427.58
2022-06-26,22664320032101.47,183655,SARS-CoV-2,106748947351197.92
2022-06-27,32877617563083.09,222531,SARS-CoV-2,154853578722121.34
2022-06-28,43517016391637.805,216767,SARS-CoV-2,204965147204614.06
2022-06-29,35275647134696.77,166212,SARS-CoV-2,166148298004421.8
2022-06-30,37768409785013.88,181420,SARS-CoV-2,177889210087415.38
2022-07-01,31597184015734,380803,SARS-CoV-2,148822736714107.12
2022-07-02,37325293040341.27,217372,SARS-CoV-2,175802130220007.4
2022-07-03,33255235910671.3,158312,SARS-CoV-2,156632161139261.8
2022-07-04,51682646435266.42,243641,SARS-CoV-2,243425264710104.84
2022-07-05,38106457836276.29,185075,SARS-CoV-2,179481416408861.3
2022-07-06,77590160153930.73,159618,SARS-CoV-2,365449654325013.75
2022-07-07,42473808283973.88,153681,SARS-CoV-2,200051637017517
2022-07-08,34979131949446.594,149344,SARS-CoV-2,164751711481893.47
2022-07-09,41040928377069.16,141089,SARS-CoV-2,193302772655995.72
2022-07-10,38311627999429.92,137666,SARS-CoV-2,180447767877314.94
2022-07-11,34770410595792.145,146763,SARS-CoV-2,163768633906181
2022-07-12,46588743998700.51,145549,SARS-CoV-2,219432984233879.38
2022-07-13,41713966355913.76,144270,SARS-CoV-2,196472781536353.8
2022-07-15,32074967075987.566,141002,SARS-CoV-2,151073094927901.44
2022-07-17,25418327472173.312,126764,SARS-CoV-2,119720322393936.3
2022-07-19,33833351131989.92,133743,SARS-CoV-2,159355083831672.53
2022-07-21,45210933150970.86,211212,SARS-CoV-2,212943495141072.75
2022-07-23,37548857627270.62,219547,SARS-CoV-2,176855119424444.6
2022-07-25,15471317417174.852,132736,SARS-CoV-2,72869905034893.55
2022-07-27,21026527164668.332,129252,SARS-CoV-2,99034942945587.84
2022-07-29,13596916666972.46,207202,SARS-CoV-2,64041477501440.29
2022-07-31,12327379135503.188,119724,SARS-CoV-2,58061955728220.016
2022-08-02,10261667806316.455,133430,SARS-CoV-2,48332455367750.5
2022-08-04,15809656665622.943,127662,SARS-CoV-2,74463482895084.06
2022-08-06,11259175534231.969,245226,SARS-CoV-2,53030716766232.57
2022-08-08,15072906580008.783,130951,SARS-CoV-2,70993389991841.375
2022-08-10,6641332188980.53,128587,SARS-CoV-2,31280674610098.297
2022-08-13,5135545499720.339,120077,SARS-CoV-2,24188419303682.797
2022-08-14,6263978806445.632,120562,SARS-CoV-2,29503340178358.926
2022-08-15,13558875598741.402,133058,SARS-CoV-2,63862304070072.01
2022-08-16,16536571756904.426,126282,SARS-CoV-2,77887252975019.84
2022-08-17,17345888979940.08,149524,SARS-CoV-2,81699137095517.78
2022-08-18,14819593744973.36,305660,SARS-CoV-2,69800286538824.52
2022-08-19,11275150556699.54,368466,SARS-CoV-2,53105959122054.83
2022-08-20,17751487470739.855,264497,SARS-CoV-2,83609505987184.72
2022-08-21,11609632799520.006,167486,SARS-CoV-2,54681370485739.23
2022-08-22,11396118940370.29,147797,SARS-CoV-2,53675720209144.06
2022-08-23,14310852658113.36,144058,SARS-CoV-2,67404116019713.92
2022-08-24,11133476859186.707,144539,SARS-CoV-2,52438676006769.39
2022-08-25,10998261138537.602,141744,SARS-CoV-2,51801809962512.1
2022-08-26,8496838386922.931,147167,SARS-CoV-2,40020108802407
2022-08-27,11960514137256.783,184316,SARS-CoV-2,56334021586479.445
2022-08-28,11127353581362.566,130704,SARS-CoV-2,52409835368217.69
2022-08-29,13441826032832.04,138730,SARS-CoV-2,63311000614638.91
2022-08-30,14344388483043.965,146404,SARS-CoV-2,67562069755137.07
2022-08-31,10247004870302.898,180749,SARS-CoV-2,48263392939126.65
2022-09-01,8338103410750.195,133683,SARS-CoV-2,39272467064633.42
2022-09-02,13145327746635.871,128076,SARS-CoV-2,61914493686654.95
2022-09-03,8772587114654.02,156664,SARS-CoV-2,41318885310020.43
2022-09-04,7886731194186.826,120964,SARS-CoV-2,37146503924619.95
2022-09-05,9222253489102.086,124765,SARS-CoV-2,43436813933670.83
2022-09-06,11980467424160.023,159234,SARS-CoV-2,56428001567793.71
2022-09-07,10683430078816.646,176871,SARS-CoV-2,50318955671226.41
2022-09-08,11086830209560.328,324545,SARS-CoV-2,52218970287029.15
2022-09-09,6892236415703.103,147347,SARS-CoV-2,32462433517961.613
2022-09-10,6500307678519.226,127209,SARS-CoV-2,30616449165825.55
2022-09-11,7655244490706.083,117806,SARS-CoV-2,36056201551225.65
2022-09-12,8668773721127.637,125863,SARS-CoV-2,40829924226511.17
2022-09-13,13504268271417.162,131749,SARS-CoV-2,63605103558374.836
2022-09-14,12403426872792.906,157042,SARS-CoV-2,58420140570854.586
2022-09-15,10315082404976.611,281413,SARS-CoV-2,48584038127439.836
2022-09-16,11165289274101.943,216130,SARS-CoV-2,52588512481020.16
2022-09-17,10572421184698.783,132147,SARS-CoV-2,49796103779931.266
2022-09-18,21969393730301.957,130758,SARS-CoV-2,103475844469722.22
2022-09-19,6173424861466.305,138198,SARS-CoV-2,29076831097506.293
2022-09-20,14919564115290.604,135212,SARS-CoV-2,70271146983018.74
2022-09-21,12380131363599.266,132802,SARS-CoV-2,58310418722552.54
2022-09-22,15881150076856.654,131571,SARS-CoV-2,74800216861994.84
2022-09-23,19165641611731.984,128743,SARS-CoV-2,90270171991257.64
2022-09-24,17689189071839.582,200920,SARS-CoV-2,83316080528364.44
2022-09-25,19454815901978.49,190799,SARS-CoV-2,91632182898318.67
2022-09-26,22874197123746.504,189178,SARS-CoV-2,107737468452846.03
2022-09-27,24768517951667.184,277245,SARS-CoV-2,116659719552352.44
2022-09-28,9053635300810.191,440818,SARS-CoV-2,42642622266816
2022-09-29,14005608363313.86,383038,SARS-CoV-2,65966415391208.27
2022-09-30,16265945415036.426,221246,SARS-CoV-2,76612602904821.56
2022-10-01,20278228343301.434,266422,SARS-CoV-2,95510455496949.75
2022-10-02,19279851263547.06,294193,SARS-CoV-2,90808099451306.64
2022-10-03,22002576784161.92,378111,SARS-CoV-2,103632136653402.66
2022-10-04,20182279176711.062,218010,SARS-CoV-2,95058534922309.11
2022-10-05,25351900286992.793,182160,SARS-CoV-2,119407450351736.05
2022-10-06,26492179154395.57,163771,SARS-CoV-2,124778163817203.14
2022-10-07,21773593910090.168,158922,SARS-CoV-2,102553627316524.69
2022-10-08,22607342486447.91,147409,SARS-CoV-2,106480583111169.66
2022-10-09,33274897728171.742,141297,SARS-CoV-2,156724768299688.9
2022-10-10,23210776805636.71,146303,SARS-CoV-2,109322758754548.9
